{
    "Monkey": {
        "<3":"https://static-cdn.jtvnw.net/jtv_user_pictures/chansub-global-emoticon-3f5d7d20df6ee956-20x18.png",
        "R)":"https://static-cdn.jtvnw.net/jtv_user_pictures/chansub-global-emoticon-7791c28e2e965fdf-20x22.png",
        ":>":"https://static-cdn.jtvnw.net/jtv_user_pictures/chansub-global-emoticon-665aec4773011f44-27x42.png",
        "<]":"https://static-cdn.jtvnw.net/jtv_user_pictures/chansub-global-emoticon-fd30ca5440d03927-20x42.png",
        ":7":"https://static-cdn.jtvnw.net/jtv_user_pictures/chansub-global-emoticon-206849962fa002dd-29x24.png",
        ":(":"https://static-cdn.jtvnw.net/jtv_user_pictures/chansub-global-emoticon-e4acdcf1ff2b4cef-20x18.png",
        ":p":"https://static-cdn.jtvnw.net/jtv_user_pictures/chansub-global-emoticon-e7b4f5211a173ff1-20x18.png",
        ";p":"https://static-cdn.jtvnw.net/jtv_user_pictures/chansub-global-emoticon-a63a460b5e1f74fc-20x18.png",
        ":o":"https://static-cdn.jtvnw.net/jtv_user_pictures/chansub-global-emoticon-30f5d7516b695012-20x18.png",
        ":/":"https://static-cdn.jtvnw.net/jtv_user_pictures/chansub-global-emoticon-5067d1fe40f8e607-20x18.png",
        ":\\":"https://static-cdn.jtvnw.net/jtv_user_pictures/chansub-global-emoticon-5067d1fe40f8e607-20x18.png",
        ":|":"https://static-cdn.jtvnw.net/jtv_user_pictures/chansub-global-emoticon-d6e8b4f562b8f46f-20x18.png",
        ":s":"https://static-cdn.jtvnw.net/jtv_user_pictures/chansub-global-emoticon-f5428b0c125bf4a5-20x18.png",
        ":D":"https://static-cdn.jtvnw.net/jtv_user_pictures/chansub-global-emoticon-89679577f86caf4e-20x18.png",
        "o_o":"https://static-cdn.jtvnw.net/jtv_user_pictures/chansub-global-emoticon-8429b9f83d424cb4-20x18.png",
        "o_O":"https://static-cdn.jtvnw.net/jtv_user_pictures/chansub-global-emoticon-8429b9f83d424cb4-20x18.png",
        "o_0":"https://static-cdn.jtvnw.net/jtv_user_pictures/chansub-global-emoticon-8429b9f83d424cb4-20x18.png",
        "O_O":"https://static-cdn.jtvnw.net/jtv_user_pictures/chansub-global-emoticon-8429b9f83d424cb4-20x18.png",
        "O_o":"https://static-cdn.jtvnw.net/jtv_user_pictures/chansub-global-emoticon-8429b9f83d424cb4-20x18.png",
        "O_0":"https://static-cdn.jtvnw.net/jtv_user_pictures/chansub-global-emoticon-8429b9f83d424cb4-20x18.png",
        "0_0":"https://static-cdn.jtvnw.net/jtv_user_pictures/chansub-global-emoticon-8429b9f83d424cb4-20x18.png",
        "0_o":"https://static-cdn.jtvnw.net/jtv_user_pictures/chansub-global-emoticon-8429b9f83d424cb4-20x18.png",
        "0_O":"https://static-cdn.jtvnw.net/jtv_user_pictures/chansub-global-emoticon-8429b9f83d424cb4-20x18.png",
        ">(":"https://static-cdn.jtvnw.net/jtv_user_pictures/chansub-global-emoticon-a6848b1076547d6f-20x18.png",
        ":)":"https://static-cdn.jtvnw.net/jtv_user_pictures/chansub-global-emoticon-ae6e77b75597c3d6-20x18.png",
        "B)":"https://static-cdn.jtvnw.net/jtv_user_pictures/chansub-global-emoticon-f381447031502180-20x18.png",
        ";)":"https://static-cdn.jtvnw.net/jtv_user_pictures/chansub-global-emoticon-095b4874cbf49881-20x18.png",
        "#/":"https://static-cdn.jtvnw.net/jtv_user_pictures/chansub-global-emoticon-39f51e122c6b2d60-27x18.png"
    },
    "Robot": {
        ":)":"https://static-cdn.jtvnw.net/jtv_user_pictures/chansub-global-emoticon-ebf60cd72f7aa600-24x18.png",
        ":(":"https://static-cdn.jtvnw.net/jtv_user_pictures/chansub-global-emoticon-d570c4b3b8d8fc4d-24x18.png",
        ":o":"https://static-cdn.jtvnw.net/jtv_user_pictures/chansub-global-emoticon-ae4e17f5b9624e2f-24x18.png",
        ":z":"https://static-cdn.jtvnw.net/jtv_user_pictures/chansub-global-emoticon-b9cbb6884788aa62-24x18.png",
        "B)":"https://static-cdn.jtvnw.net/jtv_user_pictures/chansub-global-emoticon-2cde79cfe74c6169-24x18.png",
        ":/":"https://static-cdn.jtvnw.net/jtv_user_pictures/chansub-global-emoticon-374120835234cb29-24x18.png",
        ":\\":"https://static-cdn.jtvnw.net/jtv_user_pictures/chansub-global-emoticon-374120835234cb29-24x18.png",
        ";)":"https://static-cdn.jtvnw.net/jtv_user_pictures/chansub-global-emoticon-cfaf6eac72fe4de6-24x18.png",
        ";p":"https://static-cdn.jtvnw.net/jtv_user_pictures/chansub-global-emoticon-3407bf911ad2fd4a-24x18.png",
        ":p":"https://static-cdn.jtvnw.net/jtv_user_pictures/chansub-global-emoticon-e838e5e34d9f240c-24x18.png",
        "R)":"https://static-cdn.jtvnw.net/jtv_user_pictures/chansub-global-emoticon-0536d670860bf733-24x18.png",
        "o_o":"https://static-cdn.jtvnw.net/jtv_user_pictures/chansub-global-emoticon-8e128fa8dc1de29c-24x18.png",
        "o_O":"https://static-cdn.jtvnw.net/jtv_user_pictures/chansub-global-emoticon-8e128fa8dc1de29c-24x18.png",
        "o_0":"https://static-cdn.jtvnw.net/jtv_user_pictures/chansub-global-emoticon-8e128fa8dc1de29c-24x18.png",
        "O_O":"https://static-cdn.jtvnw.net/jtv_user_pictures/chansub-global-emoticon-8e128fa8dc1de29c-24x18.png",
        "O_o":"https://static-cdn.jtvnw.net/jtv_user_pictures/chansub-global-emoticon-8e128fa8dc1de29c-24x18.png",
        "O_0":"https://static-cdn.jtvnw.net/jtv_user_pictures/chansub-global-emoticon-8e128fa8dc1de29c-24x18.png",
        "0_0":"https://static-cdn.jtvnw.net/jtv_user_pictures/chansub-global-emoticon-8e128fa8dc1de29c-24x18.png",
        "0_o":"https://static-cdn.jtvnw.net/jtv_user_pictures/chansub-global-emoticon-8e128fa8dc1de29c-24x18.png",
        "0_O":"https://static-cdn.jtvnw.net/jtv_user_pictures/chansub-global-emoticon-8e128fa8dc1de29c-24x18.png",
        ":D":"https://static-cdn.jtvnw.net/jtv_user_pictures/chansub-global-emoticon-9f2ac5d4b53913d7-24x18.png",
        ">(":"https://static-cdn.jtvnw.net/jtv_user_pictures/chansub-global-emoticon-d31223e81104544a-24x18.png",
        "<3":"https://static-cdn.jtvnw.net/jtv_user_pictures/chansub-global-emoticon-577ade91d46d7edc-24x18.png"
    },
    "Turbo": {
        ":)":"https://static-cdn.jtvnw.net/jtv_user_pictures/chansub-global-emoticon-64f279c77d6f621d-21x18.png",
        ":(":"https://static-cdn.jtvnw.net/jtv_user_pictures/chansub-global-emoticon-c41c5c6c88f481cd-21x18.png",
        ":o":"https://static-cdn.jtvnw.net/jtv_user_pictures/chansub-global-emoticon-a43f189a61cbddbe-21x18.png",
        ":z":"https://static-cdn.jtvnw.net/jtv_user_pictures/chansub-global-emoticon-ff8b4b697171a170-21x18.png",
        "B)":"https://static-cdn.jtvnw.net/jtv_user_pictures/chansub-global-emoticon-9ad04ce3cf69ffd6-21x18.png",
        ":/":"https://static-cdn.jtvnw.net/jtv_user_pictures/chansub-global-emoticon-7cd0191276363a02-21x18.png",
        ":\\":"https://static-cdn.jtvnw.net/jtv_user_pictures/chansub-global-emoticon-7cd0191276363a02-21x18.png",
        ";)":"https://static-cdn.jtvnw.net/jtv_user_pictures/chansub-global-emoticon-54ab3f91053d8b97-21x18.png",
        ";p":"https://static-cdn.jtvnw.net/jtv_user_pictures/chansub-global-emoticon-a66f1856f37d0f48-21x18.png",
        ":p":"https://static-cdn.jtvnw.net/jtv_user_pictures/chansub-global-emoticon-a3ceb91b93f5082b-21x18.png",
        "R)":"https://static-cdn.jtvnw.net/jtv_user_pictures/chansub-global-emoticon-ffe61c02bd7cd500-21x18.png",
        "o_o":"https://static-cdn.jtvnw.net/jtv_user_pictures/chansub-global-emoticon-38b510fc1dd50022-21x18.png",
        "o_O":"https://static-cdn.jtvnw.net/jtv_user_pictures/chansub-global-emoticon-38b510fc1dd50022-21x18.png",
        "o_0":"https://static-cdn.jtvnw.net/jtv_user_pictures/chansub-global-emoticon-38b510fc1dd50022-21x18.png",
        "O_O":"https://static-cdn.jtvnw.net/jtv_user_pictures/chansub-global-emoticon-38b510fc1dd50022-21x18.png",
        "O_o":"https://static-cdn.jtvnw.net/jtv_user_pictures/chansub-global-emoticon-38b510fc1dd50022-21x18.png",
        "O_0":"https://static-cdn.jtvnw.net/jtv_user_pictures/chansub-global-emoticon-38b510fc1dd50022-21x18.png",
        "0_0":"https://static-cdn.jtvnw.net/jtv_user_pictures/chansub-global-emoticon-38b510fc1dd50022-21x18.png",
        "0_o":"https://static-cdn.jtvnw.net/jtv_user_pictures/chansub-global-emoticon-38b510fc1dd50022-21x18.png",
        "0_O":"https://static-cdn.jtvnw.net/jtv_user_pictures/chansub-global-emoticon-38b510fc1dd50022-21x18.png",
        ":D":"https://static-cdn.jtvnw.net/jtv_user_pictures/chansub-global-emoticon-1c8ec529616b79e0-21x18.png",
        ">(":"https://static-cdn.jtvnw.net/jtv_user_pictures/chansub-global-emoticon-91a9cf0c00b30760-21x18.png",
        "<3":"https://static-cdn.jtvnw.net/jtv_user_pictures/chansub-global-emoticon-934a78aa6d805cd7-21x18.png"
    }
}