{":microscope:": "🔬", ":libya:": "🇱🇾", ":pregnant_woman:": "🤰", ":family_man_man_girl:": "👨‍👨‍👧", ":arrow_heading_up:": "⤴️", ":palm_tree:": "🌴", ":crescent_moon:": "🌙", ":dart:": "🎯", ":light_rail:": "🚈", ":gibraltar:": "🇬🇮", ":hammer_and_pick:": "⚒", ":black_heart:": "🖤", ":thailand:": "🇹🇭", ":sint_maarten:": "🇸🇽", ":candy:": "🍬", ":thought_balloon:": "💭", ":leo:": "♌", ":female_detective:": "🕵️‍♀️", ":hugs:": "🤗", ":mailbox_with_mail:": "📬", ":face_with_head_bandage:": "🤕", ":school_satchel:": "🎒", ":symbols:": "🔣", ":virgo:": "♍", ":womens:": "🚺", ":yum:": "😋", ":arrow_backward:": "◀️", ":red_car:": "🚗", ":burkina_faso:": "🇧🇫", ":label:": "🏷", ":fast_forward:": "⏩", ":family_woman_girl_girl:": "👩‍👧‍👧", ":monkey:": "🐒", ":pray:": "🙏", ":rwanda:": "🇷🇼", ":man_singer:": "👨‍🎤", ":congratulations:": "㊗️", ":family_man_woman_boy:": "👪", ":ecuador:": "🇪🇨", ":curly_loop:": "➰", ":fu:": "🖕", ":eight:": "8️⃣", ":cool:": "🆒", ":shower:": "🚿", ":see_no_evil:": "🙈", ":unamused:": "😒", ":north_korea:": "🇰🇵", ":family_man_girl_boy:": "👨‍👧‍👦", ":wheel_of_dharma:": "☸", ":philippines:": "🇵🇭", ":lesotho:": "🇱🇸", ":studio_microphone:": "🎙", ":paw_prints:": "🐾", ":family_woman_woman_boy:": "👩‍👩‍👦", ":clock6:": "🕕", ":raising_hand_woman:": "🙋", ":high_brightness:": "🔆", ":guitar:": "🎸", ":phone:": "☎️", ":prayer_beads:": "📿", ":clock10:": "🕙", ":shrimp:": "🦐", ":panda_face:": "🐼", ":camel:": "🐫", ":bermuda:": "🇧🇲", ":sandal:": "👡", ":three:": "3️⃣", ":left_right_arrow:": "↔️", ":liechtenstein:": "🇱🇮", ":antarctica:": "🇦🇶", ":golfing_man:": "🏌", ":cat2:": "🐈", ":tired_face:": "😫", ":train2:": "🚆", ":new_zealand:": "🇳🇿", ":malta:": "🇲🇹", ":card_index:": "📇", ":slovakia:": "🇸🇰", ":two_women_holding_hands:": "👭", ":chart_with_downwards_trend:": "📉", ":relaxed:": "☺️", ":large_orange_diamond:": "🔶", ":mountain_railway:": "🚞", ":owl:": "🦉", ":massage_woman:": "💆", ":sunflower:": "🌻", ":partly_sunny:": "⛅", ":first_quarter_moon_with_face:": "🌛", ":baby_bottle:": "🍼", ":us_virgin_islands:": "🇻🇮", ":trumpet:": "🎺", ":woman_with_turban:": "👳‍♀️", ":triangular_ruler:": "📐", ":money_mouth_face:": "🤑", ":mauritania:": "🇲🇷", ":neutral_face:": "😐", ":broken_heart:": "💔", ":telescope:": "🔭", ":smiling_imp:": "😈", ":calling:": "📲", ":macedonia:": "🇲🇰", ":ireland:": "🇮🇪", ":page_with_curl:": "📃", ":blue_heart:": "💙", ":black_medium_square:": "◼️", ":man_with_turban:": "👳", ":triangular_flag_on_post:": "🚩", ":oncoming_taxi:": "🚖", ":fried_shrimp:": "🍤", ":woman_firefighter:": "👩‍🚒", ":eu:": "🇪🇺", ":stew:": "🍲", ":horse_racing:": "🏇", ":droplet:": "💧", ":womans_clothes:": "👚", ":oncoming_police_car:": "🚔", ":iran:": "🇮🇷", ":peace_symbol:": "☮", ":de:": "🇩🇪", ":signal_strength:": "📶", ":smile:": "😄", ":snowboarder:": "🏂", ":kaaba:": "🕋", ":rewind:": "⏪", ":newspaper_roll:": "🗞", ":white_small_square:": "▫️", ":woman_technologist:": "👩‍💻", ":chile:": "🇨🇱", ":airplane:": "✈️", ":anger:": "💢", ":mailbox_with_no_mail:": "📭", ":dark_sunglasses:": "🕶", ":avocado:": "🥑", ":kiribati:": "🇰🇮", ":arrow_heading_down:": "⤵️", ":train:": "🚋", ":cricket:": "🏏", ":blue_car:": "🚙", ":minibus:": "🚐", ":tr:": "🇹🇷", ":older_man:": "👴", ":earth_asia:": "🌏", ":bat:": "🦇", ":mailbox:": "📫", ":ski:": "🎿", ":hospital:": "🏥", ":books:": "📚", ":latvia:": "🇱🇻", ":bear:": "🐻", ":policeman:": "👮", ":tent:": "⛺", ":no_mouth:": "😶", ":sunrise:": "🌅", ":key:": "🔑", ":ice_skate:": "⛸", ":black_nib:": "✒️", ":ambulance:": "🚑", ":raised_back_of_hand:": "🤚", ":electric_plug:": "🔌", ":accept:": "🉑", ":mag:": "🔍", ":slightly_smiling_face:": "🙂", ":ram:": "🐏", ":man_technologist:": "👨‍💻", ":sos:": "🆘", ":cancer:": "♋", ":houses:": "🏘", ":nut_and_bolt:": "🔩", ":tunisia:": "🇹🇳", ":restroom:": "🚻", ":timor_leste:": "🇹🇱", ":joy_cat:": "😹", ":loudspeaker:": "📢", ":pause_button:": "⏸", ":low_brightness:": "🔅", ":no_entry:": "⛔", ":sake:": "🍶", ":scissors:": "✂️", ":b:": "🅱️", ":turks_caicos_islands:": "🇹🇨", ":cayman_islands:": "🇰🇾", ":busstop:": "🚏", ":running_man:": "🏃", ":micronesia:": "🇫🇲", ":stuck_out_tongue:": "😛", ":running_shirt_with_sash:": "🎽", ":gift:": "🎁", ":world_map:": "🗺", ":one:": "1️⃣", ":uganda:": "🇺🇬", ":circus_tent:": "🎪", ":medal_sports:": "🏅", ":sweat:": "😓", ":sleepy:": "😪", ":scroll:": "📜", ":dress:": "👗", ":white_large_square:": "⬜", ":whale2:": "🐋", ":men_wrestling:": "🤼‍♂️", ":steam_locomotive:": "🚂", ":baby_chick:": "🐤", ":speedboat:": "🚤", ":puerto_rico:": "🇵🇷", ":bosnia_herzegovina:": "🇧🇦", ":greenland:": "🇬🇱", ":asterisk:": "*⃣", ":frowning_woman:": "🙍", ":facepunch:": "👊", ":man_facepalming:": "🤦", ":woman_scientist:": "👩‍🔬", ":dvd:": "📀", ":cherries:": "🍒", ":latin_cross:": "✝", ":unicorn:": "🦄", ":star_and_crescent:": "☪", ":cupid:": "💘", ":no_good_man:": "🙅‍♂️", ":sao_tome_principe:": "🇸🇹", ":love_hotel:": "🏩", ":business_suit_levitating:": "🕴", ":secret:": "㊙️", ":wedding:": "💒", ":beginner:": "🔰", ":grin:": "😁", ":european_post_office:": "🏤", ":capricorn:": "♑", ":mountain_snow:": "🏔", ":vanuatu:": "🇻🇺", ":it:": "🇮🇹", ":hole:": "🕳", ":kuwait:": "🇰🇼", ":older_woman:": "👵", ":spiral_notepad:": "🗒", ":zipper_mouth_face:": "🤐", ":ghost:": "👻", ":tajikistan:": "🇹🇯", ":costa_rica:": "🇨🇷", ":sheep:": "🐑", ":black_circle:": "⚫", ":seat:": "💺", ":building_construction:": "🏗", ":arrow_right_hook:": "↪️", ":u55b6:": "🈺", ":call_me_hand:": "🤙", ":wrench:": "🔧", ":surfing_man:": "🏄", ":incoming_envelope:": "📨", ":lemon:": "🍋", ":record_button:": "⏺", ":small_orange_diamond:": "🔸", ":ring:": "💍", ":squid:": "🦑", ":hong_kong:": "🇭🇰", ":bridge_at_night:": "🌉", ":radioactive:": "☢", ":seven:": "7️⃣", ":brazil:": "🇧🇷", ":guadeloupe:": "🇬🇵", ":persevere:": "😣", ":cloud_with_lightning_and_rain:": "⛈", ":classical_building:": "🏛", ":man_office_worker:": "👨‍💼", ":outbox_tray:": "📤", ":bulb:": "💡", ":fist_left:": "🤛", ":relieved:": "😌", ":samoa:": "🇼🇸", ":couple_with_heart_woman_man:": "💑", ":boxing_glove:": "🥊", ":sailboat:": "⛵", ":wilted_flower:": "🥀", ":straight_ruler:": "📏", ":woman:": "👩", ":mortar_board:": "🎓", ":dancing_men:": "👯‍♂️", ":postal_horn:": "📯", ":woman_juggling:": "🤹‍♀️", ":+1:": "👍", ":cat:": "🐱", ":thinking:": "🤔", ":madagascar:": "🇲🇬", ":checkered_flag:": "🏁", ":clipboard:": "📋", ":construction_worker_man:": "👷", ":reminder_ribbon:": "🎗", ":abc:": "🔤", ":afghanistan:": "🇦🇫", ":arrows_clockwise:": "🔃", ":nail_care:": "💅", ":shopping_cart:": "🛒", ":ice_hockey:": "🏒", ":hibiscus:": "🌺", ":waning_crescent_moon:": "🌘", ":rabbit:": "🐰", ":gear:": "⚙", ":pencil2:": "✏️", ":truck:": "🚚", ":mega:": "📣", ":pager:": "📟", ":baguette_bread:": "🥖", ":woman_teacher:": "👩‍🏫", ":fountain:": "⛲", ":flashlight:": "🔦", ":hotel:": "🏨", ":saxophone:": "🎷", ":monaco:": "🇲🇨", ":globe_with_meridians:": "🌐", ":evergreen_tree:": "🌲", ":pushpin:": "📌", ":solomon_islands:": "🇸🇧", ":point_up:": "☝", ":dolls:": "🎎", ":rabbit2:": "🐇", ":cd:": "💿", ":cameroon:": "🇨🇲", ":sound:": "🔉", ":file_folder:": "📁", ":guinea:": "🇬🇳", ":arrow_lower_left:": "↙️", ":waxing_crescent_moon:": "🌒", ":cookie:": "🍪", ":dollar:": "💵", ":biohazard:": "☣", ":horse:": "🐴", ":dragon:": "🐉", ":rice_cracker:": "🍘", ":argentina:": "🇦🇷", ":congo_kinshasa:": "🇨🇩", ":recycle:": "♻️", ":strawberry:": "🍓", ":back:": "🔙", ":peru:": "🇵🇪", ":nepal:": "🇳🇵", ":grapes:": "🍇", ":fog:": "🌫", ":mountain_biking_man:": "🚵", ":christmas_island:": "🇨🇽", ":no_good_woman:": "🙅", ":arrow_upper_left:": "↖️", ":dominica:": "🇩🇲", ":tiger2:": "🐅", ":pouting_man:": "🙎‍♂️", ":basketball_man:": "⛹", ":azerbaijan:": "🇦🇿", ":bikini:": "👙", ":st_helena:": "🇸🇭", ":kosovo:": "🇽🇰", ":sri_lanka:": "🇱🇰", ":koala:": "🐨", ":nerd_face:": "🤓", ":botswana:": "🇧🇼", ":st_barthelemy:": "🇧🇱", ":clock1:": "🕐", ":mouse2:": "🐁", ":inbox_tray:": "📥", ":expressionless:": "😑", ":snowman:": "⛄", ":warning:": "⚠️", ":doughnut:": "🍩", ":honey_pot:": "🍯", ":bike:": "🚲", ":family_woman_woman_boy_boy:": "👩‍👩‍👦‍👦", ":bookmark_tabs:": "📑", ":cape_verde:": "🇨🇻", ":clamp:": "🗜", ":spoon:": "🥄", ":smiley_cat:": "😺", ":cow:": "🐮", ":sunglasses:": "😎", ":man_cartwheeling:": "🤸‍♂️", ":mountain_biking_woman:": "🚵‍♀️", ":belize:": "🇧🇿", ":confounded:": "😖", ":blonde_man:": "👱", ":iphone:": "📱", ":barber:": "💈", ":finland:": "🇫🇮", ":iceland:": "🇮🇸", ":pouting_woman:": "🙎", ":part_alternation_mark:": "〽️", ":open_hands:": "👐", ":haircut_woman:": "💇", ":factory:": "🏭", ":face_with_thermometer:": "🤒", ":vietnam:": "🇻🇳", ":guyana:": "🇬🇾", ":goat:": "🐐", ":european_castle:": "🏰", ":tokyo_tower:": "🗼", ":hammer:": "🔨", ":tornado:": "🌪", ":traffic_light:": "🚥", ":copyright:": "©️", ":man_student:": "👨‍🎓", ":bahamas:": "🇧🇸", ":saudi_arabia:": "🇸🇦", ":rugby_football:": "🏉", ":women_wrestling:": "🤼‍♀️", ":izakaya_lantern:": "🏮", ":suriname:": "🇸🇷", ":montserrat:": "🇲🇸", ":high_heel:": "👠", ":pakistan:": "🇵🇰", ":cote_divoire:": "🇨🇮", ":four:": "4️⃣", ":martinique:": "🇲🇶", ":astonished:": "😲", ":pen:": "🖊", ":stuck_out_tongue_winking_eye:": "😜", ":handbag:": "👜", ":volleyball:": "🏐", ":large_blue_circle:": "🔵", ":id:": "🆔", ":children_crossing:": "🚸", ":jersey:": "🇯🇪", ":kiwi_fruit:": "🥝", ":running_woman:": "🏃‍♀️", ":postbox:": "📮", ":deer:": "🦌", ":dove:": "🕊", ":woman_shrugging:": "🤷", ":man_firefighter:": "👨‍🚒", ":motor_boat:": "🛥", ":toilet:": "🚽", ":coffin:": "⚰", ":black_joker:": "🃏", ":norfolk_island:": "🇳🇫", ":aland_islands:": "🇦🇽", ":mongolia:": "🇲🇳", ":heart_eyes:": "😍", ":mobile_phone_off:": "📴", ":envelope_with_arrow:": "📩", ":tiger:": "🐯", ":male_detective:": "🕵", ":haiti:": "🇭🇹", ":ferris_wheel:": "🎡", ":u7121:": "🈚", ":pouch:": "👝", ":swaziland:": "🇸🇿", ":family_man_woman_girl_girl:": "👨‍👩‍👧‍👧", ":koko:": "🈁", ":left_luggage:": "🛅", ":dango:": "🍡", ":tangerine:": "🍊", ":hungary:": "🇭🇺", ":heart_decoration:": "💟", ":norway:": "🇳🇴", ":open_mouth:": "😮", ":woman_office_worker:": "👩‍💼", ":rice_ball:": "🍙", ":calendar:": "📆", ":end:": "🔚", ":blossom:": "🌼", ":hammer_and_wrench:": "🛠", ":san_marino:": "🇸🇲", ":package:": "📦", ":parasol_on_ground:": "⛱", ":arrow_double_down:": "⏬", ":tm:": "™️", ":singapore:": "🇸🇬", ":tipping_hand_man:": "💁‍♂️", ":andorra:": "🇦🇩", ":helicopter:": "🚁", ":tanzania:": "🇹🇿", ":walking_man:": "🚶", ":speech_balloon:": "💬", ":bomb:": "💣", ":hash:": "#️⃣", ":negative_squared_cross_mark:": "❎", ":a:": "🅰️", ":sweet_potato:": "🍠", ":eight_spoked_asterisk:": "✳️", ":couch_and_lamp:": "🛋", ":beach_umbrella:": "🏖", ":mag_right:": "🔎", ":snowflake:": "❄️", ":registered:": "®️", ":cyprus:": "🇨🇾", ":family_man_girl_girl:": "👨‍👧‍👧", ":cloud_with_rain:": "🌧", ":deciduous_tree:": "🌳", ":field_hockey:": "🏑", ":amphora:": "🏺", ":-1:": "👎", ":man_juggling:": "🤹‍♂️", ":foggy:": "🌁", ":notes:": "🎶", ":south_georgia_south_sandwich_islands:": "🇬🇸", ":tipping_hand_woman:": "💁", ":tropical_drink:": "🍹", ":tickets:": "🎟", ":french_guiana:": "🇬🇫", ":fox_face:": "🦊", ":u6708:": "🈷️", ":gemini:": "♊", ":o:": "⭕", ":chad:": "🇹🇩", ":family_woman_girl:": "👩‍👧", ":belarus:": "🇧🇾", ":stop_button:": "⏹", ":spaghetti:": "🍝", ":canary_islands:": "🇮🇨", ":clinking_glasses:": "🥂", ":man_cook:": "👨‍🍳", ":innocent:": "😇", ":yellow_heart:": "💛", ":frowning_man:": "🙍‍♂️", ":frowning:": "😦", ":tshirt:": "👕", ":do_not_litter:": "🚯", ":arrow_forward:": "▶️", ":smile_cat:": "😸", ":skier:": "⛷", ":100:": "💯", ":camera:": "📷", ":potable_water:": "🚰", ":athletic_shoe:": "👟", ":heavy_heart_exclamation:": "❣", ":malawi:": "🇲🇼", ":man_scientist:": "👨‍🔬", ":balloon:": "🎈", ":1st_place_medal:": "🥇", ":new_moon:": "🌑", ":burrito:": "🌯", ":sleeping_bed:": "🛌", ":brunei:": "🇧🇳", ":skull:": "💀", ":zambia:": "🇿🇲", ":heavy_division_sign:": "➗", ":fire:": "🔥", ":family_man_woman_girl_boy:": "👨‍👩‍👧‍👦", ":algeria:": "🇩🇿", ":ok:": "🆗", ":tram:": "🚊", ":qatar:": "🇶🇦", ":date:": "📅", ":chocolate_bar:": "🍫", ":rose:": "🌹", ":walking_woman:": "🚶‍♀️", ":clock3:": "🕒", ":sun_behind_small_cloud:": "🌤", ":chestnut:": "🌰", ":anchor:": "⚓", ":vertical_traffic_light:": "🚦", ":wallis_futuna:": "🇼🇫", ":disappointed_relieved:": "😥", ":shallow_pan_of_food:": "🥘", ":file_cabinet:": "🗄", ":camera_flash:": "📸", ":stadium:": "🏟", ":house:": "🏠", ":japanese_ogre:": "👹", ":togo:": "🇹🇬", ":mosque:": "🕌", ":banana:": "🍌", ":monorail:": "🚝", ":parking:": "🅿️", ":trophy:": "🏆", ":swimming_woman:": "🏊‍♀️", ":couplekiss_man_man:": "👨‍❤️‍💋‍👨", ":maldives:": "🇲🇻", ":guardsman:": "💂", ":ferry:": "⛴", ":paintbrush:": "🖌", ":u7a7a:": "🈳", ":blonde_woman:": "👱‍♀️", ":ghana:": "🇬🇭", ":heavy_plus_sign:": "➕", ":desktop_computer:": "🖥", ":euro:": "💶", ":trolleybus:": "🚎", ":paperclip:": "📎", ":united_arab_emirates:": "🇦🇪", ":stop_sign:": "🛑", ":bhutan:": "🇧🇹", ":clown_face:": "🤡", ":muscle:": "💪", ":grimacing:": "😬", ":vibration_mode:": "📳", ":paperclips:": "🖇", ":kiss:": "💋", ":fire_engine:": "🚒", ":green_salad:": "🥗", ":ok_man:": "🙆‍♂️", ":nauru:": "🇳🇷", ":ice_cream:": "🍨", ":wastebasket:": "🗑", ":crying_cat_face:": "😿", ":woman_astronaut:": "👩‍🚀", ":turkmenistan:": "🇹🇲", ":oil_drum:": "🛢", ":mali:": "🇲🇱", ":hamburger:": "🍔", ":family_woman_woman_girl_girl:": "👩‍👩‍👧‍👧", ":u6709:": "🈶", ":poodle:": "🐩", ":no_pedestrians:": "🚷", ":cowboy_hat_face:": "🤠", ":man_dancing:": "🕺", ":raised_hands:": "🙌", ":djibouti:": "🇩🇯", ":dolphin:": "🐬", ":card_index_dividers:": "🗂", ":cinema:": "🎦", ":dromedary_camel:": "🐪", ":bird:": "🐦", ":slightly_frowning_face:": "🙁", ":bow_and_arrow:": "🏹", ":vatican_city:": "🇻🇦", ":cheese:": "🧀", ":hear_no_evil:": "🙉", ":bouquet:": "💐", ":man_artist:": "👨‍🎨", ":family_man_girl:": "👨‍👧", ":pig2:": "🐖", ":paraguay:": "🇵🇾", ":minidisc:": "💽", ":two:": "2️⃣", ":house_with_garden:": "🏡", ":kenya:": "🇰🇪", ":four_leaf_clover:": "🍀", ":movie_camera:": "🎥", ":lollipop:": "🍭", ":snail:": "🐌", ":man_shrugging:": "🤷‍♂️", ":beetle:": "🐞", ":station:": "🚉", ":new:": "🆕", ":no_bell:": "🔕", ":fr:": "🇫🇷", ":cocktail:": "🍸", ":stars:": "🌠", ":clock4:": "🕓", ":u5272:": "🈹", ":exclamation:": "❗", ":libra:": "♎", ":twisted_rightwards_arrows:": "🔀", ":st_vincent_grenadines:": "🇻🇨", ":u7533:": "🈸", ":hatched_chick:": "🐥", ":2nd_place_medal:": "🥈", ":taco:": "🌮", ":whale:": "🐳", ":tea:": "🍵", ":loud_sound:": "🔊", ":cambodia:": "🇰🇭", ":milky_way:": "🌌", ":white_medium_square:": "◻️", ":gem:": "💎", ":hocho:": "🔪", ":zap:": "⚡", ":small_airplane:": "🛩", ":film_strip:": "🎞", ":crab:": "🦀", ":rage:": "😡", ":venezuela:": "🇻🇪", ":bookmark:": "🔖", ":st_kitts_nevis:": "🇰🇳", ":speaker:": "🔈", ":heartpulse:": "💗", ":family_woman_woman_girl_boy:": "👩‍👩‍👧‍👦", ":woman_health_worker:": "👩‍⚕️", ":bangladesh:": "🇧🇩", ":arrow_down:": "⬇️", ":white_medium_small_square:": "◽", ":cherry_blossom:": "🌸", ":bowing_man:": "🙇", ":mayotte:": "🇾🇹", ":hourglass:": "⌛", ":aries:": "♈", ":indonesia:": "🇮🇩", ":man:": "👨", ":underage:": "🔞", ":taiwan:": "🇹🇼", ":atm:": "🏧", ":bust_in_silhouette:": "👤", ":thermometer:": "🌡", ":elephant:": "🐘", ":croissant:": "🥐", ":ethiopia:": "🇪🇹", ":clock1230:": "🕧", ":no_bicycles:": "🚳", ":crossed_fingers:": "🤞", ":zero:": "0️⃣", ":suspension_railway:": "🚟", ":credit_card:": "💳", ":monkey_face:": "🐵", ":dragon_face:": "🐲", ":raising_hand_man:": "🙋‍♂️", ":dagger:": "🗡", ":british_virgin_islands:": "🇻🇬", ":czech_republic:": "🇨🇿", ":trident:": "🔱", ":chart:": "💹", ":two_hearts:": "💕", ":heart_eyes_cat:": "😻", ":turtle:": "🐢", ":pig_nose:": "🐽", ":rainbow:": "🌈", ":sweden:": "🇸🇪", ":necktie:": "👔", ":girl:": "👧", ":u6307:": "🈯", ":upside_down_face:": "🙃", ":rocket:": "🚀", ":moneybag:": "💰", ":five:": "5️⃣", ":alarm_clock:": "⏰", ":3rd_place_medal:": "🥉", ":footprints:": "👣", ":o2:": "🅾️", ":pound:": "💷", ":arrow_double_up:": "⏫", ":egypt:": "🇪🇬", ":heart:": "❤️", ":weary:": "😩", ":laughing:": "😆", ":ear:": "👂", ":rofl:": "🤣", ":arrows_counterclockwise:": "🔄", ":mushroom:": "🍄", ":chipmunk:": "🐿", ":dog2:": "🐕", ":rescue_worker_helmet:": "⛑", ":night_with_stars:": "🌃", ":panama:": "🇵🇦", ":grey_exclamation:": "❕", ":ramen:": "🍜", ":goal_net:": "🥅", ":turkey:": "🦃", ":jack_o_lantern:": "🎃", ":princess:": "👸", ":motorway:": "🛣", ":clock5:": "🕔", ":smoking:": "🚬", ":lion:": "🦁", ":scream:": "😱", ":rotating_light:": "🚨", ":writing_hand:": "✍", ":roller_coaster:": "🎢", ":frowning_face:": "☹", ":woman_facepalming:": "🤦‍♀️", ":falkland_islands:": "🇫🇰", ":popcorn:": "🍿", ":duck:": "🦆", ":japanese_castle:": "🏯", ":pensive:": "😔", ":seychelles:": "🇸🇨", ":person_fencing:": "🤺", ":penguin:": "🐧", ":man_farmer:": "👨‍🌾", ":custard:": "🍮", ":motor_scooter:": "🛵", ":man_judge:": "👨‍⚖️", ":capital_abcd:": "🔠", ":sparkle:": "❇️", ":cake:": "🍰", ":bullettrain_front:": "🚅", ":sun_with_face:": "🌞", ":raised_hand:": "✋", ":beer:": "🍺", ":angola:": "🇦🇴", ":sun_behind_large_cloud:": "🌥", ":police_car:": "🚓", ":radio:": "📻", ":kissing:": "😗", ":no_smoking:": "🚭", ":st_pierre_miquelon:": "🇵🇲", ":eyes:": "👀", ":ledger:": "📒", ":black_flag:": "🏴", ":speaking_head:": "🗣", ":metal:": "🤘", ":green_book:": "📗", ":ng:": "🆖", ":morocco:": "🇲🇦", ":next_track_button:": "⏭", ":abcd:": "🔡", ":dizzy:": "💫", ":canoe:": "🛶", ":metro:": "🚇", ":nine:": "9️⃣", ":comet:": "☄", ":gambia:": "🇬🇲", ":bus:": "🚌", ":clock830:": "🕣", ":hourglass_flowing_sand:": "⏳", ":railway_track:": "🛤", ":kyrgyzstan:": "🇰🇬", ":artificial_satellite:": "🛰", ":church:": "⛪", ":boot:": "👢", ":blowfish:": "🐡", ":printer:": "🖨", ":pizza:": "🍕", ":american_samoa:": "🇦🇸", ":white_square_button:": "🔳", ":israel:": "🇮🇱", ":man_playing_water_polo:": "🤽‍♂️", ":fried_egg:": "🍳", ":ab:": "🆎", ":arrow_up:": "⬆️", ":angel:": "👼", ":milk_glass:": "🥛", ":family_man_boy:": "👨‍👦", ":eagle:": "🦅", ":guam:": "🇬🇺", ":policewoman:": "👮‍♀️", ":anguished:": "😧", ":non-potable_water:": "🚱", ":crown:": "👑", ":clock730:": "🕢", ":flight_departure:": "🛫", ":desert:": "🏜", ":ballot_box_with_check:": "☑️", ":funeral_urn:": "⚱", ":fallen_leaf:": "🍂", ":ticket:": "🎫", ":statue_of_liberty:": "🗽", ":georgia:": "🇬🇪", ":curacao:": "🇨🇼", ":wink:": "😉", ":mozambique:": "🇲🇿", ":santa:": "🎅", ":unlock:": "🔓", ":japan:": "🗾", ":mauritius:": "🇲🇺", ":kick_scooter:": "🛴", ":basketball_woman:": "⛹️‍♀️", ":es:": "🇪🇸", ":white_flag:": "🏳", ":flushed:": "😳", ":herb:": "🌿", ":serbia:": "🇷🇸", ":hot_pepper:": "🌶", ":hotsprings:": "♨️", ":lying_face:": "🤥", ":zimbabwe:": "🇿🇼", ":clock630:": "🕡", ":construction_worker_woman:": "👷‍♀️", ":oman:": "🇴🇲", ":fish_cake:": "🍥", ":sushi:": "🍣", ":spiral_calendar:": "🗓", ":fist:": "✊", ":snowman_with_snow:": "☃", ":vs:": "🆚", ":loop:": "➿", ":confused:": "😕", ":moldova:": "🇲🇩", ":pill:": "💊", ":framed_picture:": "🖼", ":speak_no_evil:": "🙊", ":mount_fuji:": "🗻", ":closed_book:": "📕", ":vulcan_salute:": "🖖", ":barbados:": "🇧🇧", ":ru:": "🇷🇺", ":drooling_face:": "🤤", ":play_or_pause_button:": "⏯", ":space_invader:": "👾", ":tada:": "🎉", ":scorpion:": "🦂", ":six:": "6️⃣", ":repeat_one:": "🔂", ":uk:": "🇬🇧", ":clock530:": "🕠", ":blush:": "😊", ":football:": "🏈", ":film_projector:": "📽", ":apple:": "🍎", ":rat:": "🐀", ":belgium:": "🇧🇪", ":confetti_ball:": "🎊", ":computer_mouse:": "🖱", ":macau:": "🇲🇴", ":armenia:": "🇦🇲", ":maple_leaf:": "🍁", ":stuffed_flatbread:": "🥙", ":australia:": "🇦🇺", ":round_pushpin:": "📍", ":mouse:": "🐭", ":clapper:": "🎬", ":desert_island:": "🏝", ":laos:": "🇱🇦", ":couple_with_heart_man_man:": "👨‍❤️‍👨", ":hotdog:": "🌭", ":8ball:": "🎱", ":ok_woman:": "🙆", ":notebook:": "📓", ":heavy_dollar_sign:": "💲", ":kissing_closed_eyes:": "😚", ":shark:": "🦈", ":fiji:": "🇫🇯", ":grenada:": "🇬🇩", ":pancakes:": "🥞", ":bulgaria:": "🇧🇬", ":poland:": "🇵🇱", ":cocos_islands:": "🇨🇨", ":lock:": "🔒", ":orange_book:": "📙", ":bar_chart:": "📊", ":peanuts:": "🥜", ":gorilla:": "🦍", ":cry:": "😢", ":rainbow_flag:": "🏳️‍🌈", ":fries:": "🍟", ":skull_and_crossbones:": "☠", ":rhinoceros:": "🦏", ":bathtub:": "🛁", ":french_polynesia:": "🇵🇫", ":handshake:": "🤝", ":city_sunrise:": "🌇", ":chicken:": "🐔", ":taurus:": "♉", ":colombia:": "🇨🇴", ":video_camera:": "📹", ":christmas_tree:": "🎄", ":ocean:": "🌊", ":stuck_out_tongue_closed_eyes:": "😝", ":tonga:": "🇹🇴", ":somalia:": "🇸🇴", ":baggage_claim:": "🛄", ":nicaragua:": "🇳🇮", ":pineapple:": "🍍", ":waning_gibbous_moon:": "🌖", ":arrow_right:": "➡️", ":golfing_woman:": "🏌️‍♀️", ":zzz:": "💤", ":couple:": "👫", ":man_pilot:": "👨‍✈️", ":point_up_2:": "👆", ":bride_with_veil:": "👰", ":nauseated_face:": "🤢", ":british_indian_ocean_territory:": "🇮🇴", ":grey_question:": "❔", ":small_red_triangle:": "🔺", ":bacon:": "🥓", ":telephone_receiver:": "📞", ":albania:": "🇦🇱", ":post_office:": "🏣", ":yin_yang:": "☯", ":radio_button:": "🔘", ":golf:": "⛳", ":railway_car:": "🚃", ":lock_with_ink_pen:": "🔏", ":star_of_david:": "✡", ":family_man_man_girl_girl:": "👨‍👨‍👧‍👧", ":cow2:": "🐄", ":bowling:": "🎳", ":mailbox_closed:": "📪", ":clap:": "👏", ":closed_umbrella:": "🌂", ":alien:": "👽", ":worried:": "😟", ":clock930:": "🕤", ":white_check_mark:": "✅", ":tuvalu:": "🇹🇻", ":taxi:": "🚕", ":jamaica:": "🇯🇲", ":sagittarius:": "♐", ":microphone:": "🎤", ":question:": "❓", ":aruba:": "🇦🇼", ":mahjong:": "🀄", ":birthday:": "🎂", ":crystal_ball:": "🔮", ":fireworks:": "🎆", ":woman_artist:": "👩‍🎨", ":earth_africa:": "🌍", ":family_man_man_boy_boy:": "👨‍👨‍👦‍👦", ":cityscape:": "🏙", ":man_mechanic:": "👨‍🔧", ":tanabata_tree:": "🎋", ":bento:": "🍱", ":smirk_cat:": "😼", ":oden:": "🍢", ":uruguay:": "🇺🇾", ":oncoming_bus:": "🚍", ":department_store:": "🏬", ":wind_chime:": "🎐", ":tractor:": "🚜", ":page_facing_up:": "📄", ":shopping:": "🛍", ":basketball:": "🏀", ":flight_arrival:": "🛬", ":purse:": "👛", ":musical_keyboard:": "🎹", ":point_left:": "👈", ":cyclone:": "🌀", ":ribbon:": "🎀", ":shinto_shrine:": "⛩", ":seedling:": "🌱", ":tropical_fish:": "🐠", ":camping:": "🏕", ":left_speech_bubble:": "🗨", ":curry:": "🍛", ":medal_military:": "🎖", ":liberia:": "🇱🇷", ":love_letter:": "💌", ":kr:": "🇰🇷", ":croatia:": "🇭🇷", ":sweat_drops:": "💦", ":estonia:": "🇪🇪", ":arrow_down_small:": "🔽", ":smiley:": "😃", ":guardswoman:": "💂‍♀️", ":school:": "🏫", ":put_litter_in_its_place:": "🚮", ":dash:": "💨", ":clock1030:": "🕥", ":open_file_folder:": "📂", ":reunion:": "🇷🇪", ":clubs:": "♣️", ":clock1130:": "🕦", ":bullettrain_side:": "🚄", ":ox:": "🐂", ":aerial_tramway:": "🚡", ":man_in_tuxedo:": "🤵", ":iraq:": "🇮🇶", ":beers:": "🍻", ":cn:": "🇨🇳", ":robot:": "🤖", ":u6e80:": "🈵", ":fist_right:": "🤜", ":clock8:": "🕗", ":bath:": "🛀", ":fork_and_knife:": "🍴", ":eye:": "👁", ":cook_islands:": "🇨🇰", ":bank:": "🏦", ":office:": "🏢", ":clock230:": "🕝", ":romania:": "🇷🇴", ":wine_glass:": "🍷", ":email:": "✉️", ":lebanon:": "🇱🇧", ":spider:": "🕷", ":austria:": "🇦🇹", ":heartbeat:": "💓", ":atom_symbol:": "⚛", ":family_man_woman_girl:": "👨‍👩‍👧", ":city_sunset:": "🌆", ":control_knobs:": "🎛", ":peach:": "🍑", ":baby_symbol:": "🚼", ":man_factory_worker:": "👨‍🏭", ":haircut_man:": "💇‍♂️", ":rice:": "🍚", ":on:": "🔛", ":national_park:": "🏞", ":hushed:": "😯", ":family_woman_boy:": "👩‍👦", ":crayon:": "🖍", ":spider_web:": "🕸", ":sleeping:": "😴", ":niue:": "🇳🇺", ":arrow_up_small:": "🔼", ":floppy_disk:": "💾", ":gift_heart:": "💝", ":baseball:": "⚾", ":corn:": "🌽", ":soon:": "🔜", ":yen:": "💴", ":shaved_ice:": "🍧", ":sa:": "🈂️", ":racehorse:": "🐎", ":dog:": "🐶", ":fish:": "🐟", ":uzbekistan:": "🇺🇿", ":clock430:": "🕟", ":carousel_horse:": "🎠", ":watch:": "⌚", ":clock330:": "🕞", ":potato:": "🥔", ":arrow_upper_right:": "↗️", ":mask:": "😷", ":u7981:": "🈲", ":wind_face:": "🌬", ":customs:": "🛃", ":family_woman_boy_boy:": "👩‍👦‍👦", ":satellite:": "📡", ":arrow_left:": "⬅️", ":fleur_de_lis:": "⚜", ":rooster:": "🐓", ":two_men_holding_hands:": "👬", ":eggplant:": "🍆", ":cucumber:": "🥒", ":equatorial_guinea:": "🇬🇶", ":kazakhstan:": "🇰🇿", ":woman_playing_water_polo:": "🤽‍♀️", ":raised_hand_with_fingers_splayed:": "🖐", ":place_of_worship:": "🛐", ":cloud_with_snow:": "🌨", ":scream_cat:": "🙀", ":selfie:": "🤳", ":kissing_smiling_eyes:": "😙", ":netherlands:": "🇳🇱", ":woman_singer:": "👩‍🎤", ":woman_playing_handball:": "🤾‍♀️", ":jeans:": "👖", ":pitcairn_islands:": "🇵🇳", ":orthodox_cross:": "☦", ":busts_in_silhouette:": "👥", ":bell:": "🔔", ":south_sudan:": "🇸🇸", ":crossed_flags:": "🎌", ":st_lucia:": "🇱🇨", ":pig:": "🐷", ":greece:": "🇬🇷", ":tokelau:": "🇹🇰", ":new_moon_with_face:": "🌚", ":bahrain:": "🇧🇭", ":slot_machine:": "🎰", ":isle_of_man:": "🇮🇲", ":alembic:": "⚗", ":fuelpump:": "⛽", ":rice_scene:": "🎑", ":weight_lifting_woman:": "🏋️‍♀️", ":hearts:": "♥️", ":hamster:": "🐹", ":six_pointed_star:": "🔯", ":clock9:": "🕘", ":honduras:": "🇭🇳", ":passenger_ship:": "🛳", ":waxing_gibbous_moon:": "🌔", ":prince:": "🤴", ":revolving_hearts:": "💞", ":first_quarter_moon:": "🌓", ":man_with_gua_pi_mao:": "👲", ":ear_of_rice:": "🌾", ":crocodile:": "🐊", ":articulated_lorry:": "🚛", ":coffee:": "☕", ":briefcase:": "💼", ":india:": "🇮🇳", ":tv:": "📺", ":tongue:": "👅", ":keycap_ten:": "🔟", ":sunrise_over_mountains:": "🌄", ":woman_pilot:": "👩‍✈️", ":family_man_woman_boy_boy:": "👨‍👩‍👦‍👦", ":mantelpiece_clock:": "🕰", ":om:": "🕉", ":black_small_square:": "▪️", ":slovenia:": "🇸🇮", ":ballot_box:": "🗳", ":malaysia:": "🇲🇾", ":yemen:": "🇾🇪", ":northern_mariana_islands:": "🇲🇵", ":comoros:": "🇰🇲", ":nigeria:": "🇳🇬", ":small_blue_diamond:": "🔹", ":cloud:": "☁️", ":sparkling_heart:": "💖", ":boom:": "💥", ":point_right:": "👉", ":sunny:": "☀️", ":faroe_islands:": "🇫🇴", ":small_red_triangle_down:": "🔻", ":interrobang:": "⁉️", ":black_large_square:": "⬛", ":no_mobile_phones:": "📵", ":tomato:": "🍅", ":eritrea:": "🇪🇷", ":old_key:": "🗝", ":name_badge:": "📛", ":computer:": "💻", ":musical_score:": "🎼", ":point_down:": "👇", ":nose:": "👃", ":diamonds:": "♦️", ":guernsey:": "🇬🇬", ":water_buffalo:": "🐃", ":sparkler:": "🎇", ":synagogue:": "🕍", ":grinning:": "😀", ":arrow_up_down:": "↕️", ":memo:": "📝", ":cactus:": "🌵", ":man_teacher:": "👨‍🏫", ":dancing_women:": "👯", ":moyai:": "🗿", ":wolf:": "🐺", ":level_slider:": "🎚", ":mountain:": "⛰", ":ophiuchus:": "⛎", ":sudan:": "🇸🇩", ":ukraine:": "🇺🇦", ":bolivia:": "🇧🇴", ":x:": "❌", ":fax:": "📠", ":marshall_islands:": "🇲🇭", ":trackball:": "🖲", ":weight_lifting_man:": "🏋", ":tulip:": "🌷", ":mans_shoe:": "👞", ":anguilla:": "🇦🇮", ":bread:": "🍞", ":woman_farmer:": "👩‍🌾", ":clock2:": "🕑", ":shield:": "🛡", ":1234:": "🔢", ":guinea_bissau:": "🇬🇼", ":family_man_boy_boy:": "👨‍👦‍👦", ":up:": "🆙", ":heavy_check_mark:": "✔️", ":namibia:": "🇳🇦", ":convenience_store:": "🏪", ":star:": "⭐", ":top:": "🔝", ":construction:": "🚧", ":man_astronaut:": "👨‍🚀", ":u5408:": "🈴", ":racing_car:": "🏎", ":ideograph_advantage:": "🉐", ":no_entry_sign:": "🚫", ":dominican_republic:": "🇩🇴", ":free:": "🆓", ":white_flower:": "💮", ":dancer:": "💃", ":pick:": "⛏", ":woman_mechanic:": "👩‍🔧", ":palau:": "🇵🇼", ":heavy_multiplication_x:": "✖️", ":link:": "🔗", ":keyboard:": "⌨", ":el_salvador:": "🇸🇻", ":badminton:": "🏸", ":money_with_wings:": "💸", ":cl:": "🆑", ":woman_judge:": "👩‍⚖️", ":new_caledonia:": "🇳🇨", ":woman_student:": "👩‍🎓", ":mexico:": "🇲🇽", ":fountain_pen:": "🖋", ":woman_cook:": "👩‍🍳", ":leaves:": "🍃", ":flags:": "🎏", ":melon:": "🍈", ":womans_hat:": "👒", ":icecream:": "🍦", ":roll_eyes:": "🙄", ":syria:": "🇸🇾", ":niger:": "🇳🇪", ":congo_brazzaville:": "🇨🇬", ":snake:": "🐍", ":syringe:": "💉", ":cold_sweat:": "😰", ":family_woman_girl_boy:": "👩‍👧‍👦", ":leopard:": "🐆", ":jp:": "🇯🇵", ":angry:": "😠", ":family_man_man_girl_boy:": "👨‍👨‍👧‍👦", ":derelict_house:": "🏚", ":scorpius:": "♏", ":bamboo:": "🎍", ":mens:": "🚹", ":game_die:": "🎲", ":couplekiss_woman_woman:": "👩‍❤️‍💋‍👩", ":motorcycle:": "🏍", ":open_umbrella:": "☂", ":biking_woman:": "🚴‍♀️", ":myanmar:": "🇲🇲", ":performing_arts:": "🎭", ":battery:": "🔋", ":kissing_heart:": "😘", ":cuba:": "🇨🇺", ":door:": "🚪", ":butterfly:": "🦋", ":palestinian_territories:": "🇵🇸", ":musical_note:": "🎵", ":umbrella:": "☔", ":montenegro:": "🇲🇪", ":red_circle:": "🔴", ":sparkles:": "✨", ":balance_scale:": "⚖", ":octopus:": "🐙", ":leftwards_arrow_with_hook:": "↩️", ":fishing_pole_and_fish:": "🎣", ":chart_with_upwards_trend:": "📈", ":guatemala:": "🇬🇹", ":last_quarter_moon_with_face:": "🌜", ":clock12:": "🕛", ":crossed_swords:": "⚔", ":violin:": "🎻", ":rowing_man:": "🚣", ":star2:": "🌟", ":sob:": "😭", ":soccer:": "⚽", ":smirk:": "😏", ":boar:": "🐗", ":pouting_cat:": "😾", ":green_heart:": "💚", ":right_anger_bubble:": "🗯", ":frog:": "🐸", ":bellhop_bell:": "🛎", ":bangbang:": "‼️", ":benin:": "🇧🇯", ":watermelon:": "🍉", ":blue_book:": "📘", ":tennis:": "🎾", ":joystick:": "🕹", ":antigua_barbuda:": "🇦🇬", ":shell:": "🐚", ":family_man_man_boy:": "👨‍👨‍👦", ":headphones:": "🎧", ":wc:": "🚾", ":trinidad_tobago:": "🇹🇹", ":jordan:": "🇯🇴", ":green_apple:": "🍏", ":us:": "🇺🇸", ":e-mail:": "📧", ":poop:": "💩", ":pisces:": "♓", ":bowing_woman:": "🙇‍♀️", ":ok_hand:": "👌", ":sierra_leone:": "🇸🇱", ":previous_track_button:": "⏮", ":vhs:": "📼", ":wavy_dash:": "〰️", ":bed:": "🛏", ":champagne:": "🍾", ":mrs_claus:": "🤶", ":gabon:": "🇬🇦", ":luxembourg:": "🇱🇺", ":oncoming_automobile:": "🚘", ":portugal:": "🇵🇹", ":fearful:": "😨", ":canada:": "🇨🇦", ":carrot:": "🥕", ":currency_exchange:": "💱", ":senegal:": "🇸🇳", ":triumph:": "😤", ":couple_with_heart_woman_woman:": "👩‍❤️‍👩", ":tophat:": "🎩", ":heavy_minus_sign:": "➖", ":woman_factory_worker:": "👩‍🏭", ":baby:": "👶", ":wave:": "👋", ":black_square_button:": "🔲", ":plate_with_cutlery:": "🍽", ":dizzy_face:": "😵", ":tumbler_glass:": "🥃", ":caribbean_netherlands:": "🇧🇶", ":m:": "Ⓜ️", ":stopwatch:": "⏱", ":closed_lock_with_key:": "🔐", ":sweat_smile:": "😅", ":clock7:": "🕖", ":switzerland:": "🇨🇭", ":south_africa:": "🇿🇦", ":disappointed:": "😞", ":burundi:": "🇧🇮", ":massage_man:": "💆‍♂️", ":chains:": "⛓", ":lipstick:": "💄", ":card_file_box:": "🗃", ":japanese_goblin:": "👺", ":meat_on_bone:": "🍖", ":arrow_lower_right:": "↘️", ":volcano:": "🌋", ":biking_man:": "🚴", ":sneezing_face:": "🤧", ":video_game:": "🎮", ":papua_new_guinea:": "🇵🇬", ":bug:": "🐛", ":art:": "🎨", ":french_southern_territories:": "🇹🇫", ":full_moon:": "🌕", ":couplekiss_man_woman:": "💏", ":purple_heart:": "💜", ":eyeglasses:": "👓", ":spades:": "♠️", ":lips:": "👄", ":eight_pointed_black_star:": "✴️", ":white_circle:": "⚪", ":ping_pong:": "🏓", ":clock130:": "🕜", ":earth_americas:": "🌎", ":mute:": "🔇", ":rosette:": "🏵", ":ship:": "🚢", ":candle:": "🕯", ":shamrock:": "☘", ":swimming_man:": "🏊", ":rowing_woman:": "🚣‍♀️", ":repeat:": "🔁", ":clock11:": "🕚", ":man_health_worker:": "👨‍⚕️", ":pear:": "🍐", ":black_medium_small_square:": "◾", ":diamond_shape_with_a_dot_inside:": "💠", ":mountain_cableway:": "🚠", ":menorah:": "🕎", ":wheelchair:": "♿", ":central_african_republic:": "🇨🇫", ":flower_playing_cards:": "🎴", ":v:": "✌", ":surfing_woman:": "🏄‍♀️", ":western_sahara:": "🇪🇭", ":lithuania:": "🇱🇹", ":joy:": "😂", ":aquarius:": "♒", ":egg:": "🥚", ":newspaper:": "📰", ":passport_control:": "🛂", ":lizard:": "🦎", ":boy:": "👦", ":hatching_chick:": "🐣", ":open_book:": "📖", ":sun_behind_rain_cloud:": "🌦", ":ant:": "🐜", ":last_quarter_moon:": "🌗", ":martial_arts_uniform:": "🥋", ":family_woman_woman_girl:": "👩‍👩‍👧", ":kissing_cat:": "😽", ":cloud_with_lightning:": "🌩", ":woman_cartwheeling:": "🤸‍♀️", ":man_playing_handball:": "🤾‍♂️", ":drum:": "🥁", ":poultry_leg:": "🍗", ":timer_clock:": "⏲", ":gun:": "🔫", ":honeybee:": "🐝", ":notebook_with_decorative_cover:": "📔", ":kimono:": "👘", ":denmark:": "🇩🇰", ":information_source:": "ℹ️", ":imp:": "👿", ":large_blue_diamond:": "🔷"}